bids_name	NumberOfShells	bValues	bValuesEstimation	bdiffs_max	bdiffs_mean	bdiffs_median	bdiffs_min	efc_shell01	efc_shell02	efc_shell03	efc_shell04	efc_shell05	fa_degenerate	fa_nans	fber_shell01	fber_shell02	fber_shell03	fber_shell04	fber_shell05	fd_mean	fd_num	fd_perc	ndc	sigma_cc	sigma_pca	sigma_piesno	snr_cc_shell0	snr_cc_shell1_best	snr_cc_shell1_worst	snr_cc_shell2_best	snr_cc_shell2_worst	snr_cc_shell3_best	snr_cc_shell3_worst	snr_cc_shell4_best	snr_cc_shell4_worst	spikes_global	spikes_slice_i	spikes_slice_j	spikes_slice_k	summary_bg_k	summary_bg_mad	summary_bg_mean	summary_bg_median	summary_bg_n	summary_bg_p05	summary_bg_p95	summary_bg_stdv	summary_fg_k	summary_fg_mad	summary_fg_mean	summary_fg_median	summary_fg_n	summary_fg_p05	summary_fg_p95	summary_fg_stdv	summary_wm_k	summary_wm_mad	summary_wm_mean	summary_wm_median	summary_wm_n	summary_wm_p05	summary_wm_p95	summary_wm_stdv
sub-001_ses-001_acq-highres_dir-LR_dwi	4	[0.0, 700.0, 1000.0, 2000.0, 3000.0]	[700.0, 1000.0, 2000.0, 3000.0]	0.3532	0.2206	0.256	0.0038	0.4729	0.5811	0.5936	0.6309	0.6659	0.0	0.0	321.3645	132.1631	89.698	37.2177	18.5193	19.0832	279	99.64285714285714	0.7676	47.4433	19.305	7.2633	3.7	3.62	3.62	2.41	1.69	2.08	1.26	1.57	0.92	50.56	323.35	309.86	287.9	247.1336	17.7912	40.7056	18.0	952451.0	3.0	134.0	100.8283	8.4202	171.9819	399.5587	308.0	368557.0	100.0	1049.0	316.6649	7.1288	81.5431	221.8761	219.0	102988.0	84.0	364.0	89.8449
sub-001_ses-003_acq-highres_dir-LR_dwi	4	[0.0, 700.0, 1000.0, 2000.0, 3000.0]	[700.0, 1000.0, 2000.0, 3000.0]	0.3479	0.1637	0.1475	0.0064	0.4764	0.5852	0.6016	0.6438	0.6762	0.0	0.0	278.5124	114.6378	76.937	30.0619	15.5042	19.115	279	99.64285714285714	0.7194	40.0303	19.3563	7.2633	4.44	4.29	4.29	2.89	2.03	2.5	1.52	1.87	1.11	51.11	331.22	308.28	294.25	224.6313	20.7564	45.8028	20.0	957085.0	3.0	152.0	108.7617	8.4916	179.3949	404.7097	314.0	363923.0	107.0	1049.0	318.4082	6.5476	83.0257	223.1303	219.0	97254.0	98.0	365.0	85.7099
sub-001_ses-004_acq-highres_dir-RL_dwi	4	[0.0, 700.0, 1000.0, 2000.0, 3000.0]	[700.0, 1000.0, 2000.0, 3000.0]	0.3476	0.1625	0.1547	0.0086	0.4743	0.5883	0.605	0.6521	0.6737	0.0	0.0	288.6587	118.0607	78.1857	28.8036	15.903	18.4681	279	99.64285714285714	0.392	37.0651	19.0454	7.5935	4.72	4.75	4.75	3.09	2.2	2.61	1.81	1.83	1.24	50.52	320.25	326.04	276.37	212.2162	17.7912	42.3067	18.0	953668.0	3.0	143.0	103.3845	9.157	169.0167	391.9027	299.0	367340.0	98.0	1049.0	320.8168	10.1734	78.5779	211.5471	207.0	107894.0	80.0	354.0	88.8582
sub-001_ses-005_acq-highres_dir-PA_dwi	4	[0.0, 700.0, 1000.0, 2000.0, 3000.0]	[700.0, 1000.0, 2000.0, 3000.0]	0.3349	0.2372	0.2749	0.0085	0.39	0.4947	0.5022	0.5516	0.6018	0.0	0.0	1246.3534	407.7234	292.9816	103.9452	47.7644	5.3887	279	99.64285714285714	0.4905	32.6172	15.7645	1.6508	5.08	5.09	5.09	3.24	2.03	2.77	1.89	2.02	1.25	34.82	186.42	185.85	197.04	632.3036	8.8956	28.4404	9.0	1493890.0	2.0	106.0	106.621	8.7758	170.4993	402.6169	312.0	360602.0	103.0	1060.0	319.7126	11.6475	77.0953	228.196	223.0	102915.0	103.0	370.0	88.8716
sub-001_ses-006_acq-highres_dir-PA_dwi	4	[0.0, 700.0, 1000.0, 2000.0, 3000.0]	[700.0, 1000.0, 2000.0, 3000.0]	0.33	0.2489	0.275	0.0044	0.3878	0.4852	0.4937	0.5491	0.6003	0.0	0.0	1177.6526	418.5644	300.6072	99.2048	46.4273	4.2292	279	99.64285714285714	0.488	42.2542	15.6877	1.6508	4.03	4.05	4.05	2.54	1.64	2.28	1.45	1.58	1.0	34.54	200.19	199.63	192.34	637.001	8.8956	28.4844	9.0	1493259.0	2.0	109.0	101.0127	9.3655	177.9123	400.0959	310.0	361233.0	96.0	1065.0	328.1794	8.7075	87.4735	220.8507	217.0	105238.0	83.0	369.0	92.6354
sub-001_ses-007_acq-highres_dir-LR_dwi	4	[0.0, 700.0, 1000.0, 2000.0, 3000.0]	[700.0, 1000.0, 2000.0, 3000.0]	0.3404	0.1673	0.1996	0.0017	0.4683	0.5777	0.5947	0.6374	0.6661	0.0	0.0	313.9632	132.4845	87.1352	31.849	17.982	18.9834	279	99.64285714285714	0.8022	48.9259	18.6861	6.9332	3.63	3.66	3.66	2.42	1.7	2.0	1.3	1.23	0.89	50.46	333.47	323.67	285.54	217.1912	17.7912	40.4866	18.0	953322.0	3.0	133.0	101.5266	9.4981	173.4645	392.1818	299.0	367686.0	94.0	1056.0	327.576	4.3626	85.9909	214.1452	211.0	104735.0	79.0	360.0	89.4437
sub-001_ses-008_acq-highres_dir-RL_dwi	4	[0.0, 700.0, 1000.0, 2000.0, 3000.0]	[700.0, 1000.0, 2000.0, 3000.0]	0.3404	0.1597	0.1669	0.01	0.465	0.5791	0.5963	0.6391	0.6689	0.0	0.0	273.5006	116.1797	76.9257	27.4435	15.9995	15.832	279	99.64285714285714	0.3579	42.9955	18.8666	7.5935	4.35	4.33	4.33	2.77	2.03	2.31	1.62	1.44	1.13	49.63	326.72	320.12	257.08	194.3669	19.2738	44.6487	19.0	955408.0	3.0	155.0	104.2455	11.1359	177.9123	399.142	298.0	365600.0	95.0	1094.0	346.4815	3.4942	85.9909	209.2927	205.0	106456.0	76.0	356.0	88.1048
sub-001_ses-009_acq-highres_dir-AP_dwi	4	[0.0, 700.0, 1000.0, 2000.0, 3000.0]	[700.0, 1000.0, 2000.0, 3000.0]	0.1711	0.0905	0.1046	0.0063	0.3899	0.4889	0.5072	0.5618	0.6109	0.0	0.0	1244.7278	394.7208	250.352	76.3687	34.4401	8.0066	279	99.64285714285714	0.5446	47.4433	15.6867	1.6508	3.89	3.82	3.82	2.41	1.71	1.97	1.19	0.92	0.84	33.41	210.03	215.38	181.79	196.7843	8.8956	27.448	9.0	1492810.0	2.0	103.0	76.5166	10.8192	177.9123	414.4086	314.0	361682.0	101.0	1108.0	347.3586	7.6113	88.9561	228.1277	227.0	106664.0	83.0	376.0	94.7936
sub-001_ses-010_acq-highres_dir-RL_dwi	4	[0.0, 700.0, 1000.0, 2000.0, 3000.0]	[700.0, 1000.0, 2000.0, 3000.0]	0.341	0.1616	0.1517	0.0026	0.4715	0.5816	0.5979	0.6424	0.6632	0.0	0.0	305.7029	131.7094	88.0668	32.7383	18.7692	18.509	279	99.64285714285714	0.3075	42.9955	18.9317	7.5935	4.35	4.4	4.4	2.85	1.95	2.42	1.56	1.45	1.11	49.46	327.84	318.93	258.03	170.6536	17.7912	42.4155	18.0	954527.0	3.0	146.0	99.2113	10.0068	173.4645	402.731	307.0	366481.0	102.0	1078.0	332.7953	7.4948	81.5431	221.7974	217.0	103959.0	99.0	362.0	85.619
sub-001_ses-011_acq-highres_dir-AP_run-1_dwi	4	[0.0, 700.0, 1000.0, 2000.0, 3000.0]	[700.0, 1000.0, 2000.0, 3000.0]	0.1273	0.0805	0.0861	0.0128	2.2002	1.022	0.8172	0.5942	0.6179	0.0	0.0	19.0741	110.25	107.6406	75.9388	32.6531	10.5267	9	90.0	0.5062	0.0	17.2125	1.9809	0.0	0.0	0.0	0.0	0.0	0.0	0.0	0.0	0.0	819.04	4597.7	4873.25	3912.55	230.0008	8.8956	27.9603	9.0	1492723.0	1.0	104.0	79.7871	10.4506	171.9819	406.0655	306.0	361769.0	93.0	1102.0	342.265	10.4376	171.9819	405.6534	306.0	362298.0	92.0	1101.0	342.3885
sub-001_ses-011_acq-highres_dir-AP_run-2_dwi	4	[0.0, 700.0, 1000.0, 2000.0, 3000.0]	[700.0, 1000.0, 2000.0, 3000.0]	0.3078	0.0791	0.0828	0.0044	0.3978	0.4956	0.5133	0.5732	0.6138	0.0	0.0	1217.1147	389.8237	248.5504	79.5693	34.9824	10.3812	278	99.28571428571429	0.5854	44.4781	15.7814	1.6508	3.98	3.94	3.94	2.51	1.63	2.07	1.14	1.39	0.86	32.95	195.13	200.19	180.78	185.5652	8.8956	28.3797	9.0	1493464.0	2.0	105.0	79.0022	9.936	171.9819	411.673	314.0	361028.0	104.0	1090.0	334.5113	9.6547	83.0257	231.543	230.0	106936.0	91.0	376.0	93.427
sub-001_ses-013_acq-highres_dir-PA_dwi	4	[0.0, 700.0, 1000.0, 2000.0, 3000.0]	[700.0, 1000.0, 2000.0, 3000.0]	0.3379	0.249	0.2808	0.014	0.3814	0.4826	0.4928	0.5457	0.5968	0.0	0.0	1300.4778	447.3503	312.8729	106.9609	49.6742	4.8605	279	99.64285714285714	0.5895	35.5825	15.9562	1.6508	4.61	4.5	4.5	3.08	1.88	2.46	1.61	1.89	1.13	35.15	200.19	198.23	192.01	688.5005	8.8956	28.0575	9.0	1494746.0	2.0	103.0	105.0412	8.9341	180.8775	414.2258	319.0	359746.0	106.0	1101.0	335.7628	14.2313	85.9909	226.3394	222.0	103939.0	91.0	373.0	93.2379
sub-001_ses-015_acq-highres_dir-AP_dwi	4	[0.0, 700.0, 1000.0, 2000.0, 3000.0]	[700.0, 1000.0, 2000.0, 3000.0]	0.3022	0.0916	0.1048	0.0055	0.394	0.4951	0.5137	0.5681	0.6157	0.0	0.0	1203.5336	378.9358	239.2433	73.0983	33.1408	8.0993	278	99.28571428571429	0.5687	42.9955	15.653	1.6508	3.97	3.86	3.86	2.52	1.54	2.07	1.11	1.18	0.8	33.54	204.97	214.81	181.62	171.4964	8.8956	28.2253	9.0	1492853.0	2.0	105.0	77.2339	8.8417	177.9123	414.1522	314.0	361639.0	100.0	1107.0	338.7356	12.5622	84.5083	226.0621	224.0	104926.0	83.0	371.0	94.48
sub-001_ses-016_acq-highres_dir-RL_dwi	4	[0.0, 700.0, 1000.0, 2000.0, 3000.0]	[700.0, 1000.0, 2000.0, 3000.0]	0.3497	0.1643	0.1639	0.0048	0.4721	0.5852	0.6019	0.6474	0.6693	0.0	0.0	308.3373	126.2168	83.5622	30.5402	17.0476	17.5356	279	99.64285714285714	0.3829	42.9955	19.1456	7.5935	4.31	4.17	4.17	2.75	1.98	2.33	1.58	1.47	1.14	51.16	323.63	327.22	278.49	182.0206	19.2738	42.4334	19.0	953515.0	3.0	142.0	100.4462	8.0307	176.4297	403.2508	310.0	367493.0	103.0	1057.0	319.3944	6.3796	77.0953	216.9149	213.0	102592.0	82.0	356.0	86.6981
sub-001_ses-017_acq-highres_dir-PA_dwi	4	[0.0, 700.0, 1000.0, 2000.0, 3000.0]	[700.0, 1000.0, 2000.0, 3000.0]	0.4097	0.2512	0.2837	0.0129	0.3819	0.4931	0.4955	0.5517	0.603	0.0	0.0	1212.1674	384.2773	296.1823	96.8786	45.6967	6.34	279	99.64285714285714	0.5653	38.5477	16.0238	1.6508	4.08	3.89	3.89	2.54	1.68	2.22	2.19	1.64	1.0	35.72	199.91	195.41	199.05	771.2133	8.8956	27.7368	9.0	1492008.0	2.0	102.0	105.1404	8.166	179.3949	405.8898	312.0	362484.0	102.0	1077.0	324.7412	10.908	81.5431	218.2873	216.0	105041.0	78.0	360.0	90.7858
sub-001_ses-018_acq-highres_dir-LR_dwi	4	[0.0, 700.0, 1000.0, 2000.0, 3000.0]	[700.0, 1000.0, 2000.0, 3000.0]	0.3584	0.2468	0.2782	0.0081	0.4725	0.5846	0.5897	0.6304	0.6689	0.0	0.0	280.2632	118.5259	87.2107	36.6696	18.4111	17.5598	279	99.64285714285714	0.7861	38.5477	19.1707	7.2633	4.37	4.32	4.32	2.84	2.01	2.46	1.48	1.84	1.08	51.99	335.44	317.75	293.54	225.0706	19.2738	43.2331	19.0	953377.0	3.0	141.0	106.4407	8.344	173.4645	398.1462	303.0	367631.0	98.0	1066.0	324.1019	7.9539	81.5431	215.8966	211.0	104680.0	87.0	359.0	88.0548
sub-001_ses-019_acq-highres_dir-PA_dwi	4	[0.0, 700.0, 1000.0, 2000.0, 3000.0]	[700.0, 1000.0, 2000.0, 3000.0]	0.3789	0.2523	0.2809	0.0095	0.3879	0.4942	0.5003	0.5581	0.6084	0.0	0.0	1161.2386	378.5538	276.5229	89.7405	42.9185	4.9006	277	98.92857142857143	0.6123	32.6172	16.0294	1.6508	4.56	4.38	4.38	2.88	1.77	2.4	1.84	1.71	1.18	36.22	172.64	191.2	208.76	814.327	8.8956	26.8299	9.0	1486890.0	2.0	99.0	105.4146	6.8525	165.3101	376.4144	295.0	367602.0	99.0	964.0	283.0051	12.9404	69.6823	210.4163	208.0	99408.0	89.0	338.0	81.5103
sub-001_ses-020_acq-highres_dir-RL_dwi	4	[0.0, 700.0, 1000.0, 2000.0, 3000.0]	[700.0, 1000.0, 2000.0, 3000.0]	0.3502	0.1635	0.1498	0.0053	0.4776	0.5904	0.6066	0.6537	0.674	0.0	0.0	269.304	113.7235	75.1376	27.9516	15.5116	18.1372	279	99.64285714285714	0.3402	41.5129	19.1621	7.9236	4.39	4.39	4.39	2.85	1.97	2.42	1.58	1.71	1.11	50.92	334.87	332.75	278.72	187.603	19.2738	45.5892	20.0	952748.0	4.0	155.0	109.2671	9.2443	171.9819	402.9119	306.0	368260.0	101.0	1085.0	331.1646	9.2757	80.0605	219.8538	216.0	108046.0	83.0	364.0	90.4675
sub-001_ses-021_acq-highres_dir-RL_dwi	4	[0.0, 700.0, 1000.0, 2000.0, 3000.0]	[700.0, 1000.0, 2000.0, 3000.0]	0.3466	0.1693	0.1581	0.0094	0.4723	0.5825	0.5991	0.6456	0.6658	0.0	0.0	310.901	131.2854	87.3599	33.4138	19.0591	19.8626	279	99.64285714285714	0.3569	40.0303	19.1671	7.2633	4.75	4.59	4.59	3.0	2.22	2.57	1.69	1.81	1.22	50.54	326.72	340.25	274.25	221.5058	17.7912	41.0309	18.0	954672.0	3.0	135.0	99.9403	9.3888	169.0167	393.5584	305.0	366336.0	104.0	1022.0	310.7321	6.414	78.5779	214.4144	212.0	100649.0	83.0	350.0	83.8365
sub-001_ses-022_acq-highres_dir-AP_dwi	4	[0.0, 700.0, 1000.0, 2000.0, 3000.0]	[700.0, 1000.0, 2000.0, 3000.0]	0.2976	0.0888	0.1016	0.0043	0.3953	0.4953	0.5141	0.5693	0.6184	0.0	0.0	1056.6017	341.4943	216.0722	67.2457	31.1743	7.8044	279	99.64285714285714	0.5374	44.4781	15.1349	1.6508	3.94	4.02	4.02	2.52	1.67	1.92	1.18	0.95	0.87	33.76	204.97	213.69	180.78	205.711	8.8956	29.0891	9.0	1492415.0	2.0	116.0	79.9241	11.9032	167.5341	390.7201	293.0	362077.0	93.0	1057.0	334.6023	7.1557	83.0257	213.3449	212.0	107471.0	77.0	352.0	89.1571
sub-001_ses-023_acq-highres_dir-AP_dwi	4	[0.0, 700.0, 1000.0, 2000.0, 3000.0]	[700.0, 1000.0, 2000.0, 3000.0]	0.2993	0.0839	0.0956	0.0056	0.3958	0.496	0.5141	0.5726	0.617	0.0	0.0	1152.4982	362.459	230.3252	72.8837	33.0719	9.0373	279	99.64285714285714	0.4608	45.9607	15.857	1.6508	3.71	3.5	3.5	2.32	1.5	1.96	1.11	1.32	0.84	34.51	200.19	209.75	194.69	175.3981	8.8956	28.256	9.0	1493291.0	2.0	104.0	78.0618	9.9326	173.4645	404.4238	309.0	361201.0	103.0	1061.0	325.4132	11.6841	81.5431	224.0774	223.0	100660.0	89.0	365.0	89.7793
sub-001_ses-024_acq-highres_dir-AP_dwi	4	[0.0, 700.0, 1000.0, 2000.0, 3000.0]	[700.0, 1000.0, 2000.0, 3000.0]	0.1485	0.0906	0.1058	0.0046	0.398	0.4973	0.5158	0.5698	0.6184	0.0	0.0	1091.1654	351.9641	223.2191	68.7386	31.6672	7.9319	279	99.64285714285714	0.4867	40.0303	15.4099	1.6508	4.43	4.44	4.44	2.86	1.82	2.19	1.36	1.03	0.91	34.31	202.72	213.69	188.32	187.2292	8.8956	28.8418	9.0	1491217.0	2.0	112.0	79.1863	10.9763	169.0167	397.6886	300.0	363275.0	94.0	1069.0	332.9457	6.5891	83.0257	220.9654	220.0	106496.0	83.0	361.0	90.5401
sub-001_ses-025_acq-highres_dir-RL_dwi	4	[0.0, 700.0, 1000.0, 2000.0, 3000.0]	[700.0, 1000.0, 2000.0, 3000.0]	0.3713	0.2895	0.3219	0.0113	0.4705	0.5831	0.5779	0.6254	0.6619	0.0	0.0	325.6146	133.0295	105.9809	37.8392	20.1025	16.102	279	99.64285714285714	0.396	40.0303	19.2398	7.9236	4.7	4.69	4.69	3.05	2.16	2.41	1.78	1.59	1.14	50.51	330.09	337.88	276.84	234.5687	17.7912	40.855	18.0	954868.0	3.0	132.0	103.7905	8.8213	173.4645	408.3871	313.0	366140.0	105.0	1080.0	327.9437	9.8988	80.0605	224.1554	220.0	107230.0	86.0	367.0	91.0242
sub-001_ses-026_acq-highres_dir-PA_dwi	4	[0.0, 700.0, 1000.0, 2000.0, 3000.0]	[700.0, 1000.0, 2000.0, 3000.0]	0.3214	0.2314	0.2645	0.0059	0.3857	0.4922	0.5014	0.5501	0.5997	0.0	0.0	1265.0614	418.4157	291.6016	102.3562	48.0806	6.0914	279	99.64285714285714	0.5984	32.6172	15.4476	1.6508	4.77	4.83	4.83	3.04	1.83	2.48	1.58	1.95	1.06	34.87	188.95	194.85	197.87	804.3161	7.413	25.9889	8.0	1490371.0	2.0	97.0	96.5482	8.4419	166.0514	390.7822	298.0	364121.0	94.0	1050.0	317.7371	9.548	75.6127	213.57	211.0	103510.0	85.0	347.0	84.9653
sub-001_ses-028_acq-highres_dir-RL_dwi	4	[0.0, 700.0, 1000.0, 2000.0, 3000.0]	[700.0, 1000.0, 2000.0, 3000.0]	0.3408	0.1655	0.1608	0.0075	0.4716	0.5864	0.6033	0.6516	0.6734	0.0	0.0	278.5289	117.6916	77.8641	29.8294	16.8802	19.7504	279	99.64285714285714	0.3534	38.5477	18.9474	7.5935	4.53	4.54	4.54	3.1	2.12	2.49	1.74	1.78	1.19	50.9	321.38	316.57	278.96	238.2771	17.7912	40.5653	18.0	952719.0	3.0	134.0	97.6669	9.5	166.0514	386.4706	290.0	368289.0	95.0	1052.0	322.6764	10.5539	75.6127	207.1895	203.0	112182.0	76.0	347.0	86.8697
sub-001_ses-037_acq-highres_dir-LR_dwi	4	[0.0, 700.0, 1000.0, 2000.0, 3000.0]	[700.0, 1000.0, 2000.0, 3000.0]	0.3668	0.2647	0.2953	0.0104	0.4631	0.58	0.5768	0.6272	0.6666	0.0	0.0	300.6688	120.0124	94.1422	34.2329	18.7192	12.6344	279	99.64285714285714	0.7574	42.9955	19.1486	7.5935	3.81	3.86	3.86	2.58	1.76	2.11	1.45	1.43	1.0	52.11	347.53	332.35	298.95	260.9037	17.7912	41.1683	18.0	954265.0	3.0	132.0	105.9158	8.5643	179.3949	403.4565	303.0	366743.0	95.0	1108.0	339.9513	8.1097	84.5083	214.0957	209.0	107496.0	80.0	362.0	91.1994
sub-001_ses-038_acq-highres_dir-PA_dwi	4	[0.0, 700.0, 1000.0, 2000.0, 3000.0]	[700.0, 1000.0, 2000.0, 3000.0]	0.3258	0.2313	0.2662	0.0023	0.3798	0.4895	0.5	0.5503	0.6011	0.0	0.0	1266.8242	405.1976	275.0185	95.928	45.6095	6.0697	279	99.64285714285714	0.542	37.8064	15.4166	1.3206	4.11	4.17	4.17	2.63	1.79	2.24	1.52	1.73	1.1	35.28	204.69	199.91	194.19	814.2687	7.413	26.5909	8.0	1491395.0	2.0	100.0	98.3119	8.8025	173.4645	394.7751	297.0	363097.0	93.0	1088.0	333.6817	10.3238	78.5779	209.3517	205.0	102351.0	86.0	345.0	84.5013
sub-001_ses-039_acq-highres_dir-LR_dwi	4	[0.0, 700.0, 1000.0, 2000.0, 3000.0]	[700.0, 1000.0, 2000.0, 3000.0]	0.3584	0.2441	0.2765	0.0098	0.462	0.5743	0.5819	0.6206	0.6585	0.0	0.0	326.6862	132.4026	94.5925	39.503	20.3584	22.0119	279	99.64285714285714	0.7039	42.9955	18.8645	7.2633	4.08	4.07	4.07	2.69	1.88	2.17	1.5	1.49	1.03	51.62	345.0	338.28	292.6	276.4445	17.7912	39.0049	18.0	954893.0	3.0	124.0	104.5423	9.4591	174.9471	396.6913	303.0	366115.0	97.0	1064.0	327.8526	4.8909	84.5083	214.5934	211.0	102269.0	82.0	356.0	86.9156
sub-001_ses-040_acq-highres_dir-AP_dwi	4	[0.0, 700.0, 1000.0, 2000.0, 3000.0]	[700.0, 1000.0, 2000.0, 3000.0]	0.1646	0.0823	0.0964	0.0079	0.3998	0.4995	0.5177	0.5756	0.6193	0.0	0.0	1119.3431	359.865	229.2127	72.8119	32.6565	9.5512	278	99.28571428571429	0.4809	41.5129	15.4666	1.6508	4.05	4.08	4.08	2.59	1.63	2.06	1.22	1.21	0.92	33.57	200.19	209.19	183.63	194.3853	8.8956	27.2749	9.0	1491450.0	2.0	105.0	72.9634	9.4831	167.5341	395.1906	300.0	363042.0	94.0	1060.0	324.0449	14.915	80.0605	220.189	219.0	109129.0	79.0	360.0	93.4048
sub-001_ses-041_acq-highres_dir-AP_dwi	4	[0.0, 700.0, 1000.0, 2000.0, 3000.0]	[700.0, 1000.0, 2000.0, 3000.0]	0.2302	0.0902	0.1003	0.0074	0.3989	0.5029	0.5215	0.5838	0.6254	0.0	0.0	1162.0437	365.0615	230.1112	76.5617	34.2301	11.9808	278	99.28571428571429	0.4542	37.0651	15.6918	1.6508	4.26	4.23	4.23	2.73	1.82	2.23	1.33	1.64	0.81	34.87	196.82	213.69	201.39	201.2682	8.8956	25.9831	9.0	1491949.0	2.0	99.0	72.8899	7.8161	163.0862	386.7264	293.0	362543.0	94.0	1031.0	309.3651	16.1144	71.1649	215.0167	212.0	104762.0	93.0	345.0	85.0021
sub-001_ses-042_acq-highres_dir-PA_dwi	4	[0.0, 700.0, 1000.0, 2000.0, 3000.0]	[700.0, 1000.0, 2000.0, 3000.0]	0.3288	0.2426	0.2728	0.008	0.3896	0.4942	0.5029	0.5583	0.6093	0.0	0.0	1159.405	391.0302	274.7656	90.7568	42.3953	4.0408	279	99.64285714285714	0.6017	36.3238	15.8252	1.6508	4.37	4.37	4.37	2.76	1.85	2.5	1.79	1.76	1.21	35.24	185.85	186.7	195.53	772.5298	8.8956	28.0724	9.0	1489943.0	2.0	109.0	104.3633	8.1	169.0167	395.6439	302.0	364549.0	97.0	1065.0	320.0955	12.1142	77.0953	216.2039	212.0	108644.0	77.0	360.0	92.0365
sub-001_ses-043_acq-highres_dir-AP_dwi	4	[0.0, 700.0, 1000.0, 2000.0, 3000.0]	[700.0, 1000.0, 2000.0, 3000.0]	0.2977	0.091	0.0917	0.007	0.399	0.4965	0.5144	0.5722	0.6151	0.0	0.0	1239.9668	391.196	249.4065	80.732	35.704	9.9301	279	99.64285714285714	0.5641	37.0651	15.6023	1.6508	4.78	4.58	4.58	2.98	1.95	2.51	1.39	1.7	0.94	33.61	192.04	203.57	185.14	211.3762	8.8956	26.9477	9.0	1493797.0	2.0	102.0	77.242	9.3075	164.5688	391.4715	305.0	360695.0	100.0	1013.0	306.586	9.2436	81.5431	224.2456	225.0	103528.0	92.0	359.0	88.0761
sub-001_ses-044_acq-highres_dir-LR_dwi	4	[0.0, 700.0, 1000.0, 2000.0, 3000.0]	[700.0, 1000.0, 2000.0, 3000.0]	0.357	0.2395	0.2721	0.0098	0.4769	0.5847	0.589	0.631	0.6703	0.0	0.0	290.1987	121.5365	89.6929	37.9831	19.6102	16.7967	279	99.64285714285714	0.7239	37.0651	18.8289	7.2633	4.56	4.62	4.62	2.97	2.05	2.47	1.58	1.91	1.13	51.12	325.31	322.88	289.07	230.3784	17.7912	40.6966	17.0	951647.0	3.0	138.0	103.6848	8.6884	160.121	372.6175	287.0	369361.0	89.0	996.0	302.1254	11.6718	78.5779	208.2211	204.0	105549.0	76.0	346.0	88.8044
sub-001_ses-045_acq-highres_dir-LR_dwi	4	[0.0, 700.0, 1000.0, 2000.0, 3000.0]	[700.0, 1000.0, 2000.0, 3000.0]	0.345	0.2324	0.2612	0.0037	0.4723	0.5826	0.5886	0.6323	0.67	0.0	0.0	322.6674	133.3445	95.914	38.4685	19.0944	16.389	279	99.64285714285714	0.7616	40.7716	18.9814	7.5935	4.16	4.18	4.18	2.72	1.85	2.34	1.52	1.85	1.03	51.16	331.5	320.12	290.25	268.0456	16.3086	38.0083	17.0	950936.0	3.0	124.0	95.0171	7.8693	166.0514	389.7744	298.0	370072.0	92.0	1044.0	313.8747	8.3224	77.0953	216.0998	213.0	108715.0	74.0	356.0	89.2626
sub-001_ses-046_acq-highres_dir-LR_dwi	4	[0.0, 700.0, 1000.0, 2000.0, 3000.0]	[700.0, 1000.0, 2000.0, 3000.0]	0.3556	0.2643	0.2867	0.0053	0.4797	0.5881	0.5868	0.6343	0.6724	0.0	0.0	277.709	117.1297	88.8692	33.1098	17.5089	19.6449	279	99.64285714285714	0.8146	40.0303	18.8377	7.5935	4.17	4.19	4.19	2.76	1.87	2.24	1.48	1.57	1.04	51.55	330.94	309.86	285.78	237.3836	17.7912	40.4835	18.0	951475.0	3.0	136.0	95.5063	8.0259	161.6036	380.2304	290.0	369533.0	93.0	1019.0	307.1423	11.9178	74.1301	211.7705	207.0	109781.0	79.0	351.0	89.2794
sub-001_ses-047_acq-highres_dir-RL_dwi	4	[0.0, 700.0, 1000.0, 2000.0, 3000.0]	[700.0, 1000.0, 2000.0, 3000.0]	0.3413	0.1804	0.1775	0.0041	0.4726	0.5835	0.5997	0.6405	0.6667	0.0	0.0	283.3371	118.0059	78.1987	28.2004	16.3618	19.3891	279	99.64285714285714	0.4019	44.4781	18.5796	7.5935	4.06	3.99	3.99	2.6	1.77	2.31	1.41	1.44	0.99	49.4	327.0	325.25	260.14	187.1603	19.2738	42.961	19.0	954431.0	3.0	145.0	98.1176	9.8243	171.9819	393.0356	303.0	366577.0	104.0	1023.0	313.4614	5.0863	81.5431	215.4834	212.0	89292.0	93.0	353.0	83.2149
sub-001_ses-048_acq-highres_dir-PA_dwi	4	[0.0, 700.0, 1000.0, 2000.0, 3000.0]	[700.0, 1000.0, 2000.0, 3000.0]	0.3225	0.2356	0.2662	0.0026	0.3885	0.4937	0.499	0.552	0.6027	0.0	0.0	1177.6171	383.6736	282.3898	96.2908	45.1324	4.8467	279	99.64285714285714	0.5772	34.0999	15.5605	1.6508	4.65	4.68	4.68	2.98	1.85	2.68	1.7	1.89	1.22	35.2	197.66	195.13	198.38	698.1521	8.8956	28.8198	9.0	1493688.0	2.0	111.0	102.9069	8.7413	173.4645	399.1095	306.0	360804.0	97.0	1073.0	326.8987	10.4019	81.5431	215.9559	213.0	105122.0	78.0	360.0	89.8947
sub-001_ses-20101060_acq-highres_dir-AP_dwi	4	[0.0, 700.0, 1000.0, 2000.0, 3000.0]	[700.0, 1000.0, 2000.0, 3000.0]	0.2319	0.0856	0.0803	0.0011	0.3735	0.5059	0.5304	0.5952	0.6313	0.0	0.0	934.5242	304.1544	193.4967	65.0801	33.2599	13.7132	279	99.64285714285714	0.473	25.2042	14.9739	1.6508	4.67	4.63	4.63	3.17	1.94	2.7	1.62	2.15	1.07	35.82	187.26	204.69	234.23	201.6961	5.9304	19.3086	7.0	1488619.0	2.0	64.0	54.9081	11.001	124.5386	311.1279	218.0	365873.0	68.0	911.0	287.5293	35.1901	57.8215	168.555	158.0	119207.0	55.0	305.0	87.9097
sub-001_ses-20102030_acq-highres_dir-RL_dwi	4	[0.0, 700.0, 1000.0, 2000.0, 3000.0]	[700.0, 1000.0, 2000.0, 3000.0]	0.4112	0.2241	0.2204	0.0056	0.3478	0.4403	0.4353	0.4529	0.4676	0.0	0.0	15799.7979	6796.3638	6812.7188	2113.6277	1105.6978	37.444	278	99.28571428571429	0.5163	56.3389	15.585	0.3301	3.46	3.4	3.4	2.43	1.48	1.85	1.57	1.3	0.98	34.87	182.76	212.47	225.78	485.7219	1.4826	9.8617	1.0	1515919.0	0.0	37.0	42.437	11.1101	96.3691	297.1929	222.0	363977.0	84.0	809.0	242.3873	29.7989	54.8563	195.1915	191.0	117698.0	60.0	312.0	89.9337
sub-001_ses-20103034_acq-highres_dir-PA_dwi	4	[0.0, 700.0, 1000.0, 2000.0, 3000.0]	[700.0, 1000.0, 2000.0, 3000.0]	0.4009	0.2246	0.2304	0.0026	0.3476	0.4509	0.4479	0.4666	0.4811	0.0	0.0	11665.6348	3749.7734	3616.4268	1234.6265	653.6862	33.6145	277	98.92857142857143	0.5935	63.0106	15.0732	0.3301	3.21	3.2	3.2	2.14	1.32	1.74	1.21	0.94	0.9	35.83	207.47	202.72	232.55	1490.9658	2.9652	10.9988	2.0	1508076.0	0.0	38.0	71.2662	12.9585	91.9213	295.0912	220.0	371820.0	86.0	800.0	240.5503	45.2846	53.3737	202.1006	194.0	122627.0	80.0	322.0	95.9367
sub-001_ses-20201060_acq-highres_dir-RL_dwi	4	[0.0, 700.0, 1000.0, 2000.0, 3000.0]	[700.0, 1000.0, 2000.0, 3000.0]	0.1439	0.0401	0.0089	0.0002	0.3648	0.4961	0.5196	0.5773	0.6162	0.0	0.0	1010.9393	351.5569	223.5644	72.9283	37.5068	9.9118	279	99.64285714285714	0.5345	31.1346	14.7044	1.3206	3.97	3.93	3.93	2.73	1.8	2.19	1.45	1.2	1.07	37.99	194.01	226.06	243.95	698.9975	5.9304	17.8467	7.0	1481987.0	2.0	57.0	66.1784	10.5763	126.0212	309.1574	216.0	372505.0	65.0	906.0	286.5063	26.1445	59.3041	167.1523	158.0	123102.0	54.0	302.0	86.9538
sub-001_ses-20202030_acq-highres_dir-AP_dwi	4	[0.0, 700.0, 1000.0, 2000.0, 3000.0]	[700.0, 1000.0, 2000.0, 3000.0]	0.4068	0.1876	0.1721	0.0133	0.3417	0.4364	0.4362	0.452	0.4625	0.0	0.0	16239.3359	6062.0664	4653.7227	1547.3158	803.9279	32.7665	279	99.64285714285714	0.51	45.9607	15.1376	0.3301	4.7	4.64	4.64	3.15	2.12	2.16	2.04	1.41	1.4	30.89	170.86	168.7	193.05	293.1425	1.4826	8.7773	1.0	1518719.0	0.0	34.0	34.1951	15.4324	96.3691	315.8227	233.0	361177.0	89.0	857.0	268.4187	106.2732	54.8563	216.1937	205.0	123539.0	95.0	347.0	105.8917
sub-001_ses-20203034_acq-highres_dir-RL_dwi	4	[0.0, 700.0, 1000.0, 2000.0, 3000.0]	[700.0, 1000.0, 2000.0, 3000.0]	0.4105	0.1884	0.197	0.0015	0.3442	0.4377	0.4346	0.4521	0.4641	0.0	0.0	17321.541	6595.2554	6178.4756	1869.0645	1001.5455	32.0944	279	99.64285714285714	0.4151	56.3389	14.7236	0.3301	3.45	3.41	3.41	2.39	1.58	1.85	1.62	1.22	1.03	34.56	192.32	214.96	229.41	906.5719	1.4826	9.1782	1.0	1508973.0	0.0	35.0	43.1441	11.4515	99.3343	307.968	224.0	370923.0	83.0	857.0	262.4483	31.4351	56.3389	204.7211	197.0	124101.0	74.0	333.0	96.3175
sub-001_ses-20301060_acq-highres_dir-LR_dwi	4	[0.0, 700.0, 1000.0, 2000.0, 3000.0]	[700.0, 1000.0, 2000.0, 3000.0]	0.1349	0.0154	0.01	0.0006	0.354	0.4922	0.5186	0.5856	0.622	0.0	0.0	927.6425	326.8566	205.9751	66.8391	34.3892	7.6486	279	99.64285714285714	0.4413	29.652	14.5081	1.3206	4.03	3.97	3.97	2.77	1.84	2.37	1.51	1.67	1.13	37.53	210.88	228.87	237.92	799.0468	5.9304	18.6688	7.0	1486687.0	2.0	60.0	72.5161	11.7874	131.9516	313.3689	213.0	367805.0	62.0	949.0	309.4715	27.3311	65.2345	161.262	153.0	124371.0	45.0	297.0	87.98
sub-001_ses-20302034_acq-highres_dir-PA_dwi	4	[0.0, 700.0, 1000.0, 2000.0, 3000.0]	[700.0, 1000.0, 2000.0, 3000.0]	0.4062	0.1659	0.1516	0.0002	0.3427	0.4431	0.442	0.4611	0.4755	0.0	0.0	13160.4619	4468.5278	3833.7471	1263.2994	741.5989	32.4677	275	98.21428571428571	0.5982	56.3389	14.7301	0.3301	3.34	3.38	3.38	2.23	1.42	1.71	1.51	0.94	0.98	34.54	203.04	188.1	227.43	1763.5771	1.4826	9.4493	1.0	1506214.0	0.0	33.0	61.4107	14.6543	94.8865	292.2906	214.0	373682.0	80.0	799.0	246.3661	40.1278	51.8911	196.1817	185.0	126961.0	66.0	328.0	99.7622
sub-001_ses-20303030_acq-highres_dir-AP_dwi	4	[0.0, 700.0, 1000.0, 2000.0, 3000.0]	[700.0, 1000.0, 2000.0, 3000.0]	0.4006	0.2025	0.1991	0.0124	0.3393	0.4358	0.4342	0.4495	0.461	0.0	0.0	16376.9336	5935.084	4801.9849	1611.9551	815.6772	34.6747	279	99.64285714285714	0.3363	52.6324	15.0299	0.3301	3.99	3.95	3.95	2.68	1.83	2.06	1.87	1.25	1.16	30.7	172.52	164.77	191.4	294.5857	1.4826	8.812	1.0	1520798.0	0.0	34.0	35.7347	15.1565	94.8865	309.4975	226.0	359098.0	87.0	845.0	264.7662	38.273	53.3737	207.8949	197.0	121138.0	87.0	337.0	99.7407
sub-001_ses-20401030_acq-highres_dir-RL_dwi	4	[0.0, 700.0, 1000.0, 2000.0, 3000.0]	[700.0, 1000.0, 2000.0, 3000.0]	0.4158	0.2013	0.1771	0.0029	0.3395	0.434	0.4286	0.4474	0.4614	0.0	0.0	15961.0576	6448.7295	6872.0791	1973.3704	1012.348	32.8996	279	99.64285714285714	0.3952	54.8563	14.4365	0.3301	3.28	3.3	3.3	2.25	1.47	1.73	1.49	1.1	0.97	34.22	180.79	222.45	228.92	650.3106	1.4826	8.3336	1.0	1511556.0	0.0	32.0	40.7299	12.7405	102.2996	297.9443	217.0	368340.0	72.0	835.0	258.8425	26.1857	59.3041	196.0779	189.0	128673.0	59.0	330.0	97.333
sub-001_ses-20401034_acq-highres_dir-RL_dwi	4	[0.0, 700.0, 1000.0, 2000.0, 3000.0]	[700.0, 1000.0, 2000.0, 3000.0]	0.4414	0.174	0.1502	0.0002	0.3384	0.4342	0.4321	0.4511	0.4657	0.0	0.0	19554.8105	7159.6729	6554.5337	2006.7186	1069.7565	28.7746	267	95.35714285714286	0.534	45.9607	13.9799	0.3301	3.94	4.0	4.0	2.7	1.85	2.01	1.8	1.17	1.19	36.17	190.63	233.82	249.41	869.7027	1.4826	8.2519	1.0	1509834.0	0.0	31.0	43.8707	10.8966	94.8865	292.4448	210.0	370062.0	75.0	835.0	252.9156	27.1928	50.4085	185.5629	180.0	124350.0	65.0	299.0	83.8199
sub-001_ses-20402060_acq-highres_dir-PA_dwi	4	[0.0, 700.0, 1000.0, 2000.0, 3000.0]	[700.0, 1000.0, 2000.0, 3000.0]	0.3265	0.0639	0.0277	0.001	0.3487	0.4959	0.5244	0.5888	0.624	0.0	0.0	997.6641	312.1545	195.5552	62.589	32.6731	12.4593	278	99.28571428571429	0.504	25.2042	14.9095	1.3206	4.61	4.66	4.66	3.19	1.86	2.67	1.56	1.52	1.23	37.57	205.54	198.23	242.78	1046.7346	5.9304	19.3816	7.0	1488687.0	2.0	64.0	89.3176	9.5585	128.9864	322.0117	218.0	365805.0	70.0	970.0	307.5785	33.1763	56.3389	160.8244	155.0	118684.0	53.0	278.0	78.8915
sub-001_ses-20501030_acq-highres_dir-PA_dwi	4	[0.0, 700.0, 1000.0, 2000.0, 3000.0]	[700.0, 1000.0, 2000.0, 3000.0]	0.4438	0.1414	0.1418	0.0021	0.3387	0.4417	0.4392	0.4611	0.4784	0.0	0.0	13995.1172	4822.5044	4280.856	1330.5248	710.1853	25.0956	279	99.64285714285714	0.5677	60.0454	15.186	0.3301	3.1	3.12	3.12	2.28	1.42	1.59	1.35	0.85	0.89	35.61	201.09	195.69	234.87	1490.4143	1.4826	9.4929	1.0	1508909.0	0.0	33.0	61.3815	13.2051	93.4039	297.5294	215.0	370987.0	81.0	828.0	252.8673	39.9591	51.8911	193.5118	183.0	131869.0	55.0	325.0	101.4414
sub-001_ses-20501034_acq-highres_dir-LR_dwi	4	[0.0, 700.0, 1000.0, 2000.0, 3000.0]	[700.0, 1000.0, 2000.0, 3000.0]	0.4138	0.1816	0.1587	0.0069	0.3405	0.4348	0.4308	0.4494	0.463	0.0	0.0	16910.4219	7141.8105	6895.0513	2108.9548	1131.9821	37.5962	279	99.64285714285714	0.5356	63.7519	13.9363	0.3301	3.23	3.24	3.24	2.09	1.41	1.56	1.29	0.97	0.89	36.28	203.29	216.35	238.34	1161.478	1.4826	8.7227	1.0	1513938.0	0.0	33.0	49.6836	10.3151	90.4387	291.5497	211.0	365958.0	77.0	817.0	246.4439	29.5585	48.9259	193.0035	185.0	127837.0	64.0	316.0	93.1536
sub-001_ses-20502060_acq-highres_dir-RL_dwi	4	[0.0, 700.0, 1000.0, 2000.0, 3000.0]	[700.0, 1000.0, 2000.0, 3000.0]	0.2059	0.0544	0.0131	0.0007	0.3557	0.4922	0.5185	0.5737	0.6154	0.0	0.0	976.4443	334.583	210.3417	62.8518	35.2283	9.8101	279	99.64285714285714	0.4664	31.1346	14.7423	1.3206	3.83	3.78	3.78	2.76	1.75	2.16	1.44	1.04	1.11	36.73	213.97	225.5	228.7	768.9284	5.9304	19.642	7.0	1485161.0	2.0	66.0	68.14	11.4578	137.882	327.7647	222.0	369331.0	67.0	991.0	324.4344	28.7705	65.2345	165.0051	155.0	123650.0	51.0	301.0	89.6407
sub-001_ses-20601034_acq-highres_dir-RL_dwi	4	[0.0, 700.0, 1000.0, 2000.0, 3000.0]	[700.0, 1000.0, 2000.0, 3000.0]	0.4531	0.1922	0.1742	0.0007	0.3384	0.4304	0.4266	0.4432	0.4553	0.0	0.0	22256.9492	7921.1572	7830.7998	2255.3137	1201.7275	34.0732	268	95.71428571428571	0.6062	56.3389	13.7038	0.3301	3.27	3.29	3.29	2.36	1.5	1.69	1.44	1.07	1.02	34.29	187.26	214.69	229.74	981.6299	1.4826	7.8944	1.0	1511659.0	0.0	30.0	42.3055	11.9112	96.3691	292.4011	212.0	368237.0	78.0	816.0	251.4885	30.8881	54.8563	195.319	185.0	122613.0	78.0	325.0	94.0683
sub-001_ses-20601060_acq-highres_dir-PA_dwi	4	[0.0, 700.0, 1000.0, 2000.0, 3000.0]	[700.0, 1000.0, 2000.0, 3000.0]	0.2569	0.0343	0.0236	0.0014	0.3541	0.4927	0.5198	0.5898	0.6408	0.0	0.0	987.4785	321.1531	204.7656	65.807	33.3399	4.0277	277	98.92857142857143	0.6066	34.0999	15.0082	1.6508	3.86	3.84	3.84	2.63	1.68	2.15	1.36	1.53	0.86	36.81	201.6	194.57	234.4	1096.3041	5.9304	19.1552	7.0	1484679.0	2.0	61.0	86.2588	10.9723	128.9864	323.8832	224.0	369813.0	68.0	961.0	307.5711	44.6238	59.3041	172.3961	163.0	122019.0	52.0	312.0	90.7776
sub-001_ses-20602030_acq-highres_dir-LR_dwi	4	[0.0, 700.0, 1000.0, 2000.0, 3000.0]	[700.0, 1000.0, 2000.0, 3000.0]	0.3727	0.1904	0.1815	0.0054	0.3389	0.4353	0.4256	0.4463	0.4593	0.0	0.0	17906.6016	7096.8579	7761.9614	2138.5154	1103.6663	35.3999	279	99.64285714285714	0.4806	56.3389	14.1052	0.3301	3.41	3.38	3.38	2.55	1.58	1.8	1.56	1.16	1.06	34.93	189.23	204.15	225.45	1413.6406	1.4826	8.7067	1.0	1513974.0	0.0	34.0	46.153	11.5045	93.4039	295.5835	212.0	365922.0	80.0	830.0	255.0977	36.2148	51.8911	195.3524	186.0	133353.0	63.0	327.0	99.2563
sub-001_ses-20701034_acq-highres_dir-AP_dwi	4	[0.0, 700.0, 1000.0, 2000.0, 3000.0]	[700.0, 1000.0, 2000.0, 3000.0]	0.3964	0.1761	0.1587	0.0081	0.3378	0.4326	0.4328	0.4493	0.4576	0.0	0.0	18352.1074	6508.3877	4962.9351	1637.3666	899.3616	35.5093	279	99.64285714285714	0.3938	51.1498	14.3668	0.3301	4.12	4.14	4.14	2.87	1.74	1.86	1.66	1.23	1.14	30.14	176.41	162.24	194.54	269.6179	1.4826	8.135	1.0	1520197.0	0.0	32.0	33.0733	15.4247	96.3691	310.4422	225.0	359699.0	92.0	842.0	265.986	36.7308	50.4085	208.9224	195.0	115140.0	107.0	336.0	96.8751
sub-001_ses-20702030_acq-highres_dir-AP_dwi	4	[0.0, 700.0, 1000.0, 2000.0, 3000.0]	[700.0, 1000.0, 2000.0, 3000.0]	0.4068	0.183	0.1661	0.011	0.34	0.4361	0.4371	0.4529	0.4614	0.0	0.0	16852.0352	6051.0132	4519.1011	1540.5232	833.004	35.4131	279	99.64285714285714	0.4369	40.0303	14.7873	0.3301	5.1	5.14	5.14	3.57	2.36	2.45	2.17	1.61	1.43	30.45	171.97	170.39	194.54	276.4043	1.4826	8.6214	1.0	1517593.0	0.0	34.0	33.3796	15.8388	96.3691	311.2126	228.0	362303.0	89.0	843.0	266.0606	34.3295	53.3737	211.5043	199.0	123144.0	93.0	347.0	102.5542
sub-001_ses-20702060_acq-highres_dir-AP_dwi	4	[0.0, 700.0, 1000.0, 2000.0, 3000.0]	[700.0, 1000.0, 2000.0, 3000.0]	0.1864	0.0313	0.0129	0.001	0.3728	0.5082	0.5321	0.5892	0.6314	0.0	0.0	962.2138	302.2123	190.6154	57.5441	30.3466	8.1671	279	99.64285714285714	0.3452	25.2042	14.9669	1.6508	5.01	4.96	4.96	3.51	2.21	2.62	1.86	1.28	1.3	35.17	190.07	199.07	209.94	250.3987	5.9304	19.628	7.0	1481367.0	2.0	64.0	57.0427	12.5892	126.0212	323.4164	228.0	373125.0	76.0	944.0	302.7107	34.7621	57.8215	176.3596	166.0	117414.0	73.0	305.0	84.2227
sub-001_ses-20801030_acq-highres_dir-PA_dwi	4	[0.0, 700.0, 1000.0, 2000.0, 3000.0]	[700.0, 1000.0, 2000.0, 3000.0]	0.4463	0.1971	0.1668	0.0224	0.3314	0.4325	0.4312	0.4502	0.4643	0.0	0.0	15636.7588	5349.1553	4530.439	1453.8723	764.7119	33.4482	279	99.64285714285714	0.5835	63.7519	13.943	0.3301	2.77	2.77	2.77	1.98	1.53	1.41	1.16	0.89	0.78	33.23	209.69	185.85	218.01	1488.5716	1.4826	9.4359	1.0	1511564.0	0.0	32.0	67.4729	16.7796	102.2996	287.0602	208.0	368332.0	78.0	777.0	251.6443	38.8834	57.8215	191.8485	175.0	128937.0	62.0	345.0	106.8356
sub-001_ses-20802034_acq-highres_dir-LR_dwi	4	[0.0, 700.0, 1000.0, 2000.0, 3000.0]	[700.0, 1000.0, 2000.0, 3000.0]	0.4264	0.1798	0.1535	0.0004	0.3369	0.4335	0.4284	0.4486	0.4618	0.0	0.0	20390.9336	7403.5693	7646.3906	2087.7998	1116.4314	28.8684	278	99.28571428571429	0.5244	56.3389	14.1085	0.3301	3.47	3.5	3.5	2.5	1.6	1.8	1.59	1.12	1.03	37.03	204.97	217.46	249.91	998.7551	1.4826	8.8615	1.0	1513402.0	0.0	33.0	52.0164	9.8832	94.8865	301.8902	214.0	366494.0	82.0	860.0	259.088	36.9182	48.9259	194.7112	185.0	131371.0	72.0	318.0	97.0173
sub-001_ses-20802060_acq-highres_dir-LR_dwi	4	[0.0, 700.0, 1000.0, 2000.0, 3000.0]	[700.0, 1000.0, 2000.0, 3000.0]	0.0951	0.0117	0.0106	0.002	0.3605	0.4905	0.5141	0.5703	0.6138	0.0	0.0	1081.8022	379.6279	239.9719	73.3655	38.094	6.1111	279	99.64285714285714	0.4076	29.652	14.8171	1.3206	4.46	4.5	4.5	3.25	1.98	2.41	1.73	1.1	1.14	36.25	201.32	213.69	227.7	766.5196	5.9304	18.4268	7.0	1487793.0	2.0	58.0	68.6168	10.9985	130.469	327.0791	229.0	366699.0	74.0	952.0	303.346	22.4326	62.2693	173.5909	166.0	118608.0	57.0	303.0	84.6919
sub-001_ses-20902030_acq-highres_dir-LR_dwi	4	[0.0, 700.0, 1000.0, 2000.0, 3000.0]	[700.0, 1000.0, 2000.0, 3000.0]	0.4095	0.2067	0.197	0.0002	0.3401	0.4344	0.4295	0.4462	0.4584	0.0	0.0	18976.5508	7283.3491	7415.0815	2213.5178	1157.5214	36.8026	277	98.92857142857143	0.5913	75.6127	14.1333	0.3301	2.74	2.73	2.73	1.95	1.15	1.39	1.2	0.87	0.79	34.4	195.13	195.27	224.78	818.5549	1.4826	8.8296	1.0	1513532.0	0.0	33.0	47.2289	11.4878	96.3691	300.3516	217.0	366364.0	83.0	826.0	254.8478	35.1929	53.3737	199.5523	190.0	130923.0	66.0	331.0	98.0788
sub-001_ses-20902060_acq-highres_dir-PA_dwi	4	[0.0, 700.0, 1000.0, 2000.0, 3000.0]	[700.0, 1000.0, 2000.0, 3000.0]	0.2277	0.0574	0.0409	0.0033	0.355	0.4919	0.5178	0.5772	0.6166	0.0	0.0	1042.2821	323.3336	199.0258	60.5771	32.2337	8.8446	278	99.28571428571429	0.5084	37.0651	14.8157	1.6508	3.49	3.51	3.51	2.38	1.78	1.67	1.39	1.0	0.88	36.6	209.75	185.29	231.72	1123.4314	4.4478	18.6641	6.0	1486798.0	2.0	62.0	82.737	10.4298	127.5038	321.8485	220.0	367694.0	70.0	955.0	303.1774	42.3033	56.3389	169.3843	159.0	123436.0	55.0	307.0	87.9749
sub-001_ses-20903034_acq-highres_dir-AP_dwi	4	[0.0, 700.0, 1000.0, 2000.0, 3000.0]	[700.0, 1000.0, 2000.0, 3000.0]	0.4072	0.1802	0.1757	0.0082	0.3402	0.4352	0.4366	0.4521	0.4591	0.0	0.0	16165.3701	6210.9688	4535.3218	1528.7533	847.6252	35.6785	279	99.64285714285714	0.4769	47.4433	14.6199	0.3301	4.43	4.41	4.41	3.01	2.05	1.99	1.93	1.28	1.29	30.92	177.24	172.36	203.13	312.884	1.4826	8.364	1.0	1516907.0	0.0	33.0	33.4316	15.4278	96.3691	312.1531	227.0	362989.0	89.0	853.0	268.1171	39.0655	51.8911	211.1776	198.0	119986.0	104.0	340.0	99.2076
sub-001_ses-21001030_acq-highres_dir-PA_dwi	4	[0.0, 700.0, 1000.0, 2000.0, 3000.0]	[700.0, 1000.0, 2000.0, 3000.0]	0.4407	0.1581	0.1465	0.0046	0.3349	0.436	0.4353	0.4521	0.4688	0.0	0.0	15540.2783	5601.6025	4628.1577	1558.1917	795.2091	29.4235	279	99.64285714285714	0.5448	57.8215	13.789	0.3301	3.07	3.12	3.12	2.14	1.6	1.54	1.33	0.92	0.86	33.2	201.37	177.98	219.0	1665.7423	1.4826	9.216	1.0	1510885.0	0.0	32.0	65.9498	15.7983	91.9213	283.5739	206.0	369011.0	76.0	772.0	242.8851	46.8253	51.8911	191.8075	178.0	131736.0	62.0	332.0	105.3253
sub-001_ses-21001060_acq-highres_dir-LR_dwi	4	[0.0, 700.0, 1000.0, 2000.0, 3000.0]	[700.0, 1000.0, 2000.0, 3000.0]	0.0558	0.0319	0.0309	0.004	0.3557	0.4893	0.5144	0.5688	0.6148	0.0	0.0	1036.6755	366.2819	228.9692	67.574	36.2488	5.574	279	99.64285714285714	0.5381	31.1346	14.776	1.6508	4.09	4.09	4.09	2.87	1.94	2.09	1.63	0.99	1.06	37.15	208.63	240.4	231.05	672.7075	5.9304	18.9433	7.0	1487762.0	2.0	60.0	70.2984	11.5815	134.9168	333.8445	227.0	366730.0	70.0	1000.0	323.6277	33.6154	63.7519	176.8315	166.0	124372.0	63.0	314.0	93.5741
sub-001_ses-21002034_acq-highres_dir-AP_dwi	4	[0.0, 700.0, 1000.0, 2000.0, 3000.0]	[700.0, 1000.0, 2000.0, 3000.0]	0.4133	0.1811	0.1643	0.0107	0.3383	0.4321	0.4327	0.4483	0.4565	0.0	0.0	18226.9395	6501.4468	4845.1274	1635.6111	895.4855	34.4265	279	99.64285714285714	0.5474	50.4085	14.7431	0.3301	4.38	4.35	4.35	3.11	1.8	1.75	1.76	1.15	1.22	30.21	170.86	163.64	197.02	316.3701	1.4826	8.7807	1.0	1523469.0	0.0	35.0	35.3968	14.7411	97.8517	319.034	232.0	356427.0	92.0	868.0	271.6409	43.5096	51.8911	215.1023	202.0	117151.0	108.0	343.0	98.0154
sub-001_ses-21101034_acq-highres_dir-PA_dwi	4	[0.0, 700.0, 1000.0, 2000.0, 3000.0]	[700.0, 1000.0, 2000.0, 3000.0]	0.412	0.1723	0.1531	0.0004	0.3391	0.4432	0.4437	0.4599	0.4757	0.0	0.0	12553.1094	4288.1685	3355.8333	1214.9249	648.1647	36.9424	274	97.85714285714286	0.5878	63.7519	14.4608	0.3301	2.89	2.87	2.87	2.09	1.23	1.3	1.27	0.81	0.82	35.09	212.74	186.98	234.21	1751.8682	2.9652	9.7614	2.0	1504607.0	0.0	34.0	69.0703	13.7666	94.8865	289.8518	211.0	375289.0	83.0	798.0	246.7947	49.0611	53.3737	193.2367	182.0	127555.0	76.0	322.0	96.3016
sub-001_ses-21101060_acq-highres_dir-RL_dwi	4	[0.0, 700.0, 1000.0, 2000.0, 3000.0]	[700.0, 1000.0, 2000.0, 3000.0]	0.2182	0.0444	0.0112	0.0005	0.3564	0.4937	0.5187	0.5747	0.6146	0.0	0.0	986.2824	346.8099	216.8202	65.4001	36.054	9.1942	279	99.64285714285714	0.4852	35.5825	14.6431	1.6508	3.54	3.54	3.54	2.31	1.48	1.81	1.3	0.87	0.97	37.28	205.82	244.62	238.75	691.8632	5.9304	18.8422	7.0	1483560.0	2.0	61.0	71.507	11.4261	131.9516	324.0218	219.0	370932.0	63.0	983.0	319.2588	25.5444	65.2345	168.8153	159.0	129629.0	49.0	309.0	92.7197
sub-001_ses-21102030_acq-highres_dir-LR_dwi	4	[0.0, 700.0, 1000.0, 2000.0, 3000.0]	[700.0, 1000.0, 2000.0, 3000.0]	0.4149	0.1739	0.1553	0.0007	0.3402	0.4332	0.4312	0.446	0.4553	0.0	0.0	18853.8652	7467.9121	6343.5596	2149.6816	1157.1805	35.2169	278	99.28571428571429	0.5337	63.7519	14.2229	0.3301	3.0	2.98	2.98	2.18	1.39	1.44	1.39	0.88	0.9	34.9	191.48	200.26	231.4	1196.3703	1.4826	8.2252	1.0	1514326.0	0.0	31.0	44.5149	10.7918	93.4039	293.7959	213.0	365570.0	83.0	814.0	246.4584	33.6592	51.8911	196.0058	185.0	132449.0	67.0	330.0	98.1156
sub-001_ses-21201030_acq-highres_dir-RL_dwi	4	[0.0, 700.0, 1000.0, 2000.0, 3000.0]	[700.0, 1000.0, 2000.0, 3000.0]	0.4505	0.1852	0.1568	0.0005	0.3386	0.431	0.4283	0.4447	0.4567	0.0	0.0	19110.6191	7324.6211	6768.3892	2154.7002	1125.1514	33.7849	265	94.64285714285714	0.5165	63.7519	14.1191	0.3301	3.05	3.02	3.02	2.07	1.31	1.51	1.23	0.95	0.86	34.18	192.32	213.02	223.46	796.4793	1.4826	8.1522	1.0	1514071.0	0.0	31.0	41.7288	11.9073	100.817	299.3094	219.0	365825.0	79.0	830.0	255.5507	25.2118	59.3041	199.0959	190.0	127512.0	61.0	338.0	99.6895
sub-001_ses-21202034_acq-highres_dir-LR_dwi	4	[0.0, 700.0, 1000.0, 2000.0, 3000.0]	[700.0, 1000.0, 2000.0, 3000.0]	0.4088	0.1846	0.1633	0.0086	0.3402	0.4347	0.4303	0.448	0.4613	0.0	0.0	18889.0742	7505.9404	7528.8159	2230.9485	1168.8408	37.1017	279	99.64285714285714	0.532	60.7867	14.0618	0.3301	3.25	3.26	3.26	2.2	1.51	1.67	1.47	1.03	0.92	36.0	195.69	218.85	240.16	980.081	1.4826	8.7388	1.0	1510843.0	0.0	33.0	47.784	10.9043	93.4039	298.1215	215.0	369053.0	76.0	840.0	255.572	34.0745	50.4085	195.3371	188.0	128556.0	59.0	318.0	95.3563
sub-001_ses-21202060_acq-highres_dir-AP_dwi	4	[0.0, 700.0, 1000.0, 2000.0, 3000.0]	[700.0, 1000.0, 2000.0, 3000.0]	0.2466	0.0463	0.0155	0.0011	0.3612	0.5026	0.5284	0.589	0.6307	0.0	0.0	942.6469	293.8099	178.0018	52.9231	28.5992	9.295	279	99.64285714285714	0.3188	31.1346	14.6086	1.6508	3.92	3.99	3.99	2.71	1.72	1.96	1.54	1.08	1.04	34.97	209.47	201.04	214.63	230.5223	5.9304	19.7481	7.0	1483943.0	2.0	65.0	58.9608	13.0701	130.469	326.1865	220.0	370549.0	70.0	994.0	327.4143	30.9445	60.7867	170.8931	160.0	122053.0	64.0	308.0	88.0382
sub-001_ses-21301030_acq-highres_dir-RL_dwi	4	[0.0, 700.0, 1000.0, 2000.0, 3000.0]	[700.0, 1000.0, 2000.0, 3000.0]	0.4133	0.1714	0.1675	0.0025	0.3378	0.433	0.4292	0.4484	0.4612	0.0	0.0	19725.0859	7359.6201	6596.542	1960.0972	1017.0477	30.2644	279	99.64285714285714	0.5475	48.9259	14.0598	0.3301	3.91	3.84	3.84	2.64	1.64	2.06	1.72	1.18	1.19	34.37	195.41	214.96	229.25	1021.9757	1.4826	8.4843	1.0	1514407.0	0.0	32.0	46.5645	12.3178	100.817	299.5798	219.0	365489.0	82.0	825.0	255.1353	27.222	56.3389	196.8947	188.0	124594.0	70.0	329.0	94.3416
sub-001_ses-excl027_acq-highres_dir-AP_dwi	4	[0.0, 700.0, 1000.0, 2000.0, 3000.0]	[700.0, 1000.0, 2000.0, 3000.0]	0.3015	0.0928	0.106	0.0048	0.3946	0.4978	0.5168	0.571	0.6197	0.0	0.0	1127.8007	349.8886	220.675	66.621	30.9066	7.8388	279	99.64285714285714	0.5936	44.4781	15.9285	1.6508	3.71	3.55	3.55	2.36	1.47	1.98	1.15	0.89	0.81	34.03	201.88	212.85	187.82	190.7671	8.8956	29.0661	10.0	1491318.0	2.0	110.0	79.3782	9.583	179.3949	413.6618	313.0	363174.0	99.0	1109.0	341.4182	9.1247	85.9909	224.7699	224.0	105307.0	81.0	371.0	93.5795
sub-001_ses-excl029_acq-highres_dir-PA_dwi	4	[0.0, 700.0, 1000.0, 2000.0, 3000.0]	[700.0, 1000.0, 2000.0, 3000.0]	0.4134	0.2566	0.282	0.0064	0.3846	0.4857	0.4915	0.5464	0.598	0.0	0.0	1247.6123	433.1072	332.1653	105.5277	48.7681	10.0897	277	98.92857142857143	0.4675	32.6172	15.7245	1.6508	5.01	5.04	5.04	3.18	3.07	2.74	2.56	2.02	1.65	34.57	184.73	184.45	186.65	777.4282	8.8956	26.7	9.0	1492195.0	2.0	99.0	103.0208	9.1693	170.4993	391.8685	304.0	362297.0	98.0	1035.0	314.2074	8.8952	81.5431	216.1773	214.0	104809.0	83.0	353.0	87.4161
sub-001_ses-pilot001_acq-highres_dir-AP_dwi	4	[0.0, 700.0, 1000.0, 1950.0, 2000.0, 2950.0, 3000.0]	[700.0, 1000.0, 2000.0, 3000.0]	0.2868	0.1209	0.1308	0.0029	0.4002	0.4651	0.4684	0.4955	0.5114	0.0	0.0	6475.0796	2190.2109	1659.1421	521.1103	271.4634	11.2395	140	95.23809523809524	0.5626	37.0651	15.8391	1.6508	5.85	5.92	5.92	4.02	2.64	3.0	2.12	1.6	1.64	59.48	316.95	298.53	388.07	146.2511	4.4478	12.6269	3.0	1486730.0	0.0	57.0	34.2335	6.1504	85.9909	295.4323	240.0	346446.0	100.0	690.0	185.855	22.0106	44.4781	215.2646	209.0	137890.0	112.0	329.0	81.2791
sub-001_ses-pilot001_acq-lowres_dir-AP_dwi	4	[0.0, 700.0, 1000.0, 1950.0, 2000.0, 2950.0, 3000.0]	[700.0, 1000.0, 2000.0, 3000.0]	0.2881	0.1438	0.1372	0.0055	0.3999	0.4366	0.437	0.4505	0.4692	0.0	0.0	19614.5781	7943.6909	5832.8447	1973.3079	757.5906	12.4422	138	93.87755102040816	0.8684	35.5825	9.3928	0.9905	6.62	6.63	6.63	4.58	2.94	3.48	2.15	2.24	1.19	51.01	236.48	243.76	342.97	126.9741	2.9652	13.1366	2.0	821492.0	0.0	66.0	39.5945	6.1169	97.8517	324.8565	275.0	186508.0	111.0	699.0	186.4417	26.8344	48.9259	248.2829	239.0	60787.0	124.0	375.0	104.2071
sub-001_ses-pilot002_acq-highres_dir-AP_dwi	4	[0.0, 700.0, 1000.0, 1950.0, 2000.0, 2950.0, 3000.0]	[700.0, 1000.0, 2000.0, 3000.0]	0.3227	0.1137	0.1218	0.0017	0.4027	0.4611	0.4643	0.4864	0.5041	0.0	0.0	7575.6636	2715.9924	2016.9131	682.8375	332.9595	12.8144	138	93.87755102040816	0.7592	37.0651	15.9511	1.6508	6.48	6.41	6.41	4.17	2.75	2.91	2.33	1.81	1.77	57.75	310.99	275.23	368.92	139.945	4.4478	13.2601	3.0	1489545.0	0.0	60.0	38.5711	7.1365	87.4735	302.7878	251.0	343631.0	114.0	682.0	182.8134	26.6212	47.4433	228.4488	220.0	136409.0	120.0	351.0	89.7606
sub-001_ses-pilot002_acq-lowres_dir-AP_dwi	4	[0.0, 700.0, 1000.0, 1950.0, 2000.0, 2950.0, 3000.0]	[700.0, 1000.0, 2000.0, 3000.0]	0.323	0.1516	0.1542	0.0027	0.4073	0.4397	0.4405	0.4518	0.4696	0.0	0.0	19873.4707	7964.1196	5654.562	2093.6301	809.3011	12.66	138	93.87755102040816	0.8875	34.0999	9.5264	0.9905	6.94	6.97	6.97	5.15	2.65	3.78	2.04	2.69	1.24	49.91	245.38	244.57	342.97	95.0767	2.9652	14.5936	2.0	821597.0	0.0	77.0	41.9758	6.5905	96.3691	326.9933	279.0	186403.0	114.0	696.0	184.9561	30.923	45.9607	251.8357	245.0	57549.0	152.0	366.0	91.855
sub-001_ses-pilot004_acq-highres_dir-AP_dwi	4	[0.0, 700.0, 1000.0, 1950.0, 2000.0, 2950.0, 3000.0]	[700.0, 1000.0, 2000.0, 3000.0]	0.255	0.1516	0.1615	0.009	0.4022	0.4483	0.4521	0.4713	0.4845	0.0	0.0	17058.3418	5767.397	4183.2451	1499.9337	795.937	10.893	138	93.87755102040816	0.4238	56.3389	18.1021	0.3301	4.73	4.61	4.61	2.82	1.79	2.03	1.56	1.63	1.15	53.09	277.96	255.46	339.88	121.6279	2.9652	12.0604	2.0	1505625.0	0.0	56.0	31.4532	6.6282	90.4387	313.5095	268.0	348867.0	109.0	674.0	177.1643	17.7678	56.3389	248.9021	239.0	162575.0	103.0	393.0	101.4225
sub-001_ses-pilot004_acq-lowres_dir-AP_dwi	4	[0.0, 700.0, 1000.0, 1950.0, 2000.0, 2950.0, 3000.0]	[700.0, 1000.0, 2000.0, 3000.0]	0.2409	0.1429	0.1486	0.0182	0.399	0.4285	0.4301	0.4436	0.4584	0.0	0.0	62315.0859	18544.4512	13131.7197	4830.3335	2131.4104	8.8037	139	94.5578231292517	0.7718	40.7716	11.206	1.3206	6.11	6.11	6.11	3.78	2.27	2.68	1.84	2.08	1.28	47.14	211.01	207.07	321.71	109.4327	1.4826	12.0891	1.0	848092.0	0.0	62.0	33.5221	5.7728	94.8865	328.1621	284.0	188708.0	98.0	687.0	179.5102	24.9742	47.4433	257.9895	251.0	58743.0	142.0	375.0	94.9932
sub-001_ses-pilot005_acq-highres_dir-PA_dwi	4	[0.0, 700.0, 1000.0, 1950.0, 2000.0, 2950.0, 3000.0]	[700.0, 1000.0, 2000.0, 3000.0]	0.3723	0.2459	0.281	0.0102	0.3921	0.4936	0.5003	0.5561	0.6032	0.0	0.0	1150.1328	371.983	272.7911	91.7896	45.5962	8.7679	136	92.51700680272108	0.4787	48.9259	15.2287	1.3206	3.55	3.39	3.39	2.16	1.45	1.61	1.31	1.18	0.89	63.62	320.8	312.23	368.92	972.1678	7.413	25.1192	8.0	1505245.0	2.0	97.0	88.5527	8.2477	146.7776	353.3983	274.0	349247.0	93.0	920.0	272.9217	15.3524	80.0605	220.7294	213.0	150930.0	75.0	380.0	104.3546
sub-001_ses-pilot005_acq-lowres_dir-PA_dwi	4	[0.0, 700.0, 1000.0, 1950.0, 2000.0, 2950.0, 3000.0]	[700.0, 1000.0, 2000.0, 3000.0]	0.3135	0.2066	0.2327	0.0072	0.4034	0.4644	0.4679	0.503	0.5455	0.0	0.0	2607.7632	986.7101	713.7126	254.1441	108.4968	1.6671	140	95.23809523809524	0.7784	25.9455	9.8559	0.8254	6.52	6.4	6.4	4.27	2.36	2.98	1.81	2.18	1.15	58.01	275.57	251.17	368.95	656.5368	5.9304	28.899	6.0	850180.0	1.0	133.0	95.6636	6.027	164.5688	389.2914	315.0	186620.0	110.0	942.0	270.3864	15.5144	77.0953	237.1231	233.0	53092.0	107.0	382.0	96.5748
sub-001_ses-pilot006_acq-highres_dir-PA_dwi	4	[0.0, 700.0, 1000.0, 2000.0, 3000.0]	[700.0, 1000.0, 2000.0, 3000.0]	0.375	0.2443	0.2605	0.0072	0.3754	0.4765	0.4812	0.5301	0.5788	0.0	0.0	1407.0907	481.5311	356.2846	125.307	56.6324	8.0246	139	94.5578231292517	0.7348	56.3389	15.6526	1.3206	3.65	3.53	3.53	2.39	1.55	1.67	1.18	1.36	1.14	62.89	374.36	354.54	346.58	624.3107	8.8956	31.0601	9.0	1509460.0	2.0	123.0	110.9013	9.9721	198.6687	447.4471	339.0	345032.0	109.0	1214.0	380.2126	13.5127	103.7822	250.5839	241.0	130714.0	86.0	438.0	120.8273
sub-001_ses-pilot006_acq-lowres_dir-PA_dwi	4	[0.0, 700.0, 1000.0, 2000.0, 3000.0]	[700.0, 1000.0, 2000.0, 3000.0]	0.304	0.188	0.22	0.0092	0.3864	0.4538	0.4611	0.4892	0.5274	0.0	0.0	2770.3486	1094.5416	746.8052	277.1983	122.0338	3.2501	138	93.87755102040816	0.7816	40.0303	10.0592	0.9905	4.92	4.9	4.9	3.44	1.97	2.26	1.4	1.64	0.67	58.32	316.52	299.19	351.95	470.6565	7.413	35.3936	7.0	851691.0	1.0	161.0	117.5038	8.6669	220.9077	487.4009	381.0	185109.0	121.0	1260.0	387.0079	9.2512	109.7126	278.6811	272.0	51579.0	116.0	467.0	119.1342
sub-001_ses-pilot007_acq-highres_dir-PA_dwi	4	[0.0, 700.0, 1000.0, 2000.0, 3000.0]	[700.0, 1000.0, 2000.0, 3000.0]	0.3589	0.2479	0.2751	0.0094	0.3734	0.4737	0.4816	0.5359	0.5857	0.0	0.0	1497.5055	513.475	378.0084	118.8726	53.9008	7.912	140	99.29078014184397	0.733	35.5825	15.4084	1.3206	4.45	4.44	4.44	2.82	2.53	2.64	1.46	1.75	1.52	66.06	327.19	309.33	365.66	948.4746	7.413	24.8532	8.0	1507700.0	2.0	96.0	97.864	8.2067	167.5341	394.6513	299.0	346792.0	98.0	1064.0	319.8695	41.8784	78.5779	217.8052	210.0	119364.0	75.0	376.0	108.4936
sub-001_ses-pilot008_acq-highres_dir-PA_dwi	4	[0.0, 700.0, 1000.0, 2000.0, 3000.0]	[700.0, 1000.0, 2000.0, 3000.0]	0.3377	0.2415	0.2719	0.0025	0.3756	0.476	0.4784	0.5291	0.5769	0.0	0.0	1549.4998	508.8253	418.1549	131.6971	58.8297	7.0068	279	99.64285714285714	0.5727	37.0651	15.0879	1.3206	4.4	4.39	4.39	3.18	1.79	2.58	2.5	1.83	1.46	33.66	189.23	165.89	202.06	811.3721	7.413	27.0201	8.0	1507700.0	2.0	108.0	102.839	8.3697	185.3253	425.5522	323.0	346792.0	107.0	1144.0	345.802	16.4873	77.0953	232.0999	224.0	93874.0	105.0	389.0	94.1928
sub-001_ses-pilot008_acq-lowres_dir-PA_dwi	4	[0.0, 700.0, 1000.0, 2000.0, 3000.0]	[700.0, 1000.0, 2000.0, 3000.0]	0.325	0.2293	0.2607	0.001	0.3892	0.4537	0.4543	0.486	0.5248	0.0	0.0	2992.5552	1202.6376	1003.8575	330.2162	134.7495	6.8094	276	98.57142857142857	0.6602	38.5477	9.7485	0.9905	4.44	4.52	4.52	2.88	2.69	2.75	2.3	1.8	1.05	29.97	150.88	118.22	195.68	590.2575	7.413	31.4902	7.0	850242.0	1.0	147.0	109.2875	6.9617	203.1165	458.6841	363.0	186558.0	121.0	1150.0	339.2703	18.867	85.9909	268.5879	257.0	47721.0	125.0	455.0	113.2678
sub-001_ses-pilot009_acq-highres_dir-PA_dwi	4	[0.0, 700.0, 1000.0, 2000.0, 3000.0]	[700.0, 1000.0, 2000.0, 3000.0]	0.3549	0.235	0.2624	0.001	0.3656	0.4672	0.4793	0.5297	0.5796	0.0	0.0	1507.1459	513.1793	356.4469	118.3128	54.1611	11.0177	279	99.64285714285714	0.5372	41.5129	15.0965	1.3206	4.48	4.35	4.35	2.96	2.41	2.58	1.31	1.81	0.81	33.69	210.32	198.23	194.19	559.6229	8.8956	30.1307	9.0	1511301.0	2.0	114.0	108.3064	9.8112	201.6339	452.3318	335.0	343191.0	108.0	1262.0	397.0109	11.508	94.8865	238.8976	231.0	93055.0	103.0	401.0	98.2091
sub-001_ses-pilot010_acq-highres_dir-PA_dwi	4	[0.0, 700.0, 1000.0, 2000.0, 3000.0]	[700.0, 1000.0, 2000.0, 3000.0]	0.3458	0.25	0.2797	0.0023	0.3718	0.4737	0.4751	0.5276	0.5754	0.0	0.0	1522.3016	512.4467	436.6192	133.8584	59.7803	6.5543	278	99.28571428571429	0.5191	40.0303	15.138	1.3206	4.43	4.35	4.35	2.84	1.8	2.65	2.45	1.76	1.47	33.58	198.79	175.73	201.73	760.8953	8.8956	27.7737	9.0	1510700.0	2.0	109.0	102.2282	8.3617	192.7383	435.433	331.0	343792.0	109.0	1177.0	358.2557	10.4752	83.0257	233.4972	226.0	91603.0	105.0	391.0	93.1607
sub-001_ses-pilot010_acq-lowres_dir-PA_dwi	4	[0.0, 700.0, 1000.0, 2000.0, 3000.0]	[700.0, 1000.0, 2000.0, 3000.0]	0.3205	0.2362	0.258	0.0029	0.3892	0.4497	0.4514	0.4814	0.5188	0.0	0.0	3123.4294	1397.5851	1117.9924	381.9356	159.0755	5.9299	278	99.28571428571429	0.6533	35.5825	9.6845	0.9905	5.01	5.05	5.05	3.16	2.0	2.86	2.13	1.96	1.34	29.64	153.77	128.14	193.45	487.5508	7.413	33.63	7.0	851853.0	1.0	156.0	108.9354	7.2393	213.4947	478.1442	378.0	184947.0	125.0	1206.0	358.2574	19.9247	88.9561	274.2735	264.0	45205.0	131.0	457.0	111.774
sub-001_ses-pilot011_acq-highres_dir-PA_dwi	4	[0.0, 700.0, 1000.0, 2000.0, 3000.0]	[700.0, 1000.0, 2000.0, 3000.0]	0.1853	0.0865	0.0887	0.0015	0.3737	0.4814	0.4995	0.5576	0.605	0.0	0.0	1595.9176	507.3119	319.3516	105.7091	48.0227	11.7266	140	99.29078014184397	0.6836	28.1694	15.2847	1.3206	5.45	5.34	5.34	3.57	3.24	3.03	1.78	1.97	1.16	70.1	355.65	358.54	393.27	834.9386	7.413	24.7628	8.0	1441645.0	2.0	94.0	101.2844	8.0204	170.4993	396.1792	300.0	348899.0	100.0	1063.0	320.3797	25.0185	78.5779	215.1594	208.0	117375.0	73.0	369.0	104.6986
sub-001_ses-pilot011_acq-lowres_dir-PA_dwi	4	[0.0, 700.0, 1000.0, 2000.0, 3000.0]	[700.0, 1000.0, 2000.0, 3000.0]	0.1562	0.0637	0.0712	0.0033	0.3849	0.4535	0.4639	0.5015	0.5445	0.0	0.0	3494.5906	1300.6104	851.8871	276.7153	118.3567	6.0259	140	99.29078014184397	0.5976	29.652	9.7878	0.9905	5.85	5.88	5.88	4.02	3.48	3.35	2.0	2.09	1.3	62.26	308.36	221.85	394.01	756.0784	5.9304	26.5161	6.0	806232.0	1.0	119.0	101.8228	6.2115	186.8079	424.4828	334.0	187368.0	104.0	1066.0	314.4163	21.492	81.5431	245.6951	239.0	52947.0	98.0	412.0	110.2503
sub-001_ses-pilot012_acq-highres_dir-PA_dwi	4	[0.0, 700.0, 1000.0, 2000.0, 3000.0]	[700.0, 1000.0, 2000.0, 3000.0]	0.1433	0.0495	0.0319	0.0028	0.3689	0.4715	0.4906	0.5488	0.5947	0.0	0.0	1737.4076	548.5421	345.4683	110.3384	47.6917	9.4261	140	99.29078014184397	0.3769	42.9955	15.734	1.3206	4.15	3.98	3.98	2.68	2.45	2.28	1.36	1.42	0.86	67.04	424.91	398.11	393.27	702.9224	7.413	28.0184	8.0	1503243.0	2.0	113.0	100.1227	9.0056	201.6339	450.9479	338.0	351249.0	103.0	1235.0	385.7272	24.672	97.8517	241.4706	231.0	115306.0	80.0	427.0	120.3994
sub-001_ses-pilot012_acq-lowres_dir-PA_dwi	4	[0.0, 700.0, 1000.0, 2000.0, 3000.0]	[700.0, 1000.0, 2000.0, 3000.0]	0.1286	0.0434	0.031	0.001	0.3829	0.4492	0.4587	0.4943	0.536	0.0	0.0	3708.2747	1390.2616	905.0253	294.7325	123.0105	6.5596	140	99.29078014184397	0.5094	29.652	9.9247	0.9905	6.33	6.32	6.32	4.54	3.87	3.77	1.91	2.37	0.96	60.07	336.55	305.36	399.92	566.8685	5.9304	31.1907	6.0	848754.0	1.0	146.0	106.3828	7.1053	214.9773	472.8404	371.0	188046.0	112.0	1207.0	362.7916	12.7581	100.817	269.9505	262.0	54322.0	91.0	469.0	125.933
sub-001_ses-pilot013_acq-highres_dir-PA_dwi	4	[0.0, 700.0, 1000.0, 2000.0, 3000.0]	[700.0, 1000.0, 2000.0, 3000.0]	0.1466	0.0738	0.0476	0.003	0.371	0.4785	0.4974	0.5582	0.6052	0.0	0.0	1573.7131	486.8763	308.5386	101.8269	46.6937	9.7321	140	99.29078014184397	0.686	28.1694	15.267	1.3206	5.38	5.21	5.21	3.35	3.0	2.86	1.67	1.81	1.04	68.67	347.85	354.55	411.9	747.6183	5.9304	26.0311	7.0	1507699.0	2.0	100.0	106.8854	8.1132	169.0167	390.2403	297.0	346793.0	103.0	1031.0	310.3163	22.7488	75.6127	210.4399	204.0	114344.0	78.0	355.0	95.8115
sub-001_ses-pilot013_acq-lowres_dir-PA_dwi	4	[0.0, 700.0, 1000.0, 2000.0, 3000.0]	[700.0, 1000.0, 2000.0, 3000.0]	0.1353	0.0487	0.0445	0.005	0.3811	0.4528	0.4637	0.5023	0.5472	0.0	0.0	3366.7515	1249.4467	802.5605	263.1361	110.7759	4.1173	140	99.29078014184397	0.719	22.239	9.8876	0.9905	7.15	7.22	7.22	4.61	4.19	4.07	2.01	2.55	1.05	61.49	274.17	256.93	394.01	546.3491	5.9304	29.3297	5.0	850939.0	1.0	134.0	111.4956	6.8096	183.8427	416.3188	326.0	185861.0	109.0	1058.0	312.6661	20.5424	83.0257	241.8562	232.0	54060.0	104.0	412.0	109.5197
sub-001_ses-pilot014_acq-highres_dir-PA_dwi	4	[0.0, 700.0, 1000.0, 2000.0, 3000.0]	[700.0, 1000.0, 2000.0, 3000.0]	0.2615	0.1155	0.1067	0.0126	0.3653	0.4713	0.4905	0.5499	0.5906	0.0	0.0	1755.2631	557.2994	348.9809	114.4609	51.0785	17.1354	140	99.29078014184397	0.6543	48.9259	15.4472	1.3206	3.58	3.43	3.43	2.3	2.13	1.9	1.15	1.19	0.78	66.57	359.02	321.61	409.24	839.4269	5.9304	24.3861	7.0	1503950.0	2.0	92.0	102.6909	10.5856	171.9819	407.8884	309.0	350542.0	103.0	1090.0	335.3366	19.7375	83.0257	223.9037	219.0	116269.0	83.0	371.0	98.6213
sub-001_ses-pilot015_acq-highres_dir-LR_dwi	4	[0.0, 700.0, 1000.0, 2000.0, 3000.0]	[700.0, 1000.0, 2000.0, 3000.0]	0.2516	0.1177	0.108	0.0106	0.51	0.5976	0.6134	0.669	0.6941	0.0	0.0	269.6298	95.1954	63.5151	23.8906	13.7286	17.038	279	99.64285714285714	0.5678	41.5129	19.4884	7.9236	3.62	3.52	3.52	2.39	1.66	2.09	1.28	1.53	1.03	46.32	276.95	236.04	256.4	233.8082	17.7912	37.3721	18.0	984402.0	3.0	125.0	80.4825	6.9819	149.7428	325.3572	274.0	387414.0	86.0	759.0	218.9366	2.8692	74.1301	197.7699	195.0	102623.0	82.0	324.0	76.3913
sub-001_ses-pilot016_acq-highres_dir-RL_dwi	4	[0.0, 700.0, 1000.0, 2000.0, 3000.0]	[700.0, 1000.0, 2000.0, 3000.0]	0.2471	0.1503	0.1764	0.0114	0.4696	0.5636	0.5784	0.6169	0.6559	0.0	0.0	438.3475	158.5246	102.7954	36.8532	19.8637	13.4985	102	99.02912621359224	0.3579	44.4781	18.8904	7.2633	4.04	4.02	4.02	2.57	2.38	2.08	1.45	1.15	1.0	119.64	776.58	691.27	658.82	236.0246	16.3086	38.138	16.0	1002996.0	3.0	135.0	93.5974	9.2345	180.8775	395.8885	313.0	368820.0	95.0	1014.0	306.8191	11.3387	91.9213	228.102	220.0	135069.0	76.0	393.0	105.8596
sub-001_ses-pilot019_acq-highres_dir-PA_dwi	4	[0.0, 700.0, 1000.0, 2000.0, 3000.0]	[700.0, 1000.0, 2000.0, 3000.0]	0.3358	0.2368	0.2712	0.0043	0.3779	0.4744	0.4858	0.5338	0.5846	0.0	0.0	1555.6964	515.6594	354.6398	125.3618	56.8417	5.6294	279	99.64285714285714	0.6188	41.5129	15.3958	1.3206	4.34	4.13	4.13	2.75	2.0	2.45	1.22	1.75	1.0	32.8	185.57	181.64	184.8	675.1495	8.8956	28.6203	9.0	1509691.0	2.0	109.0	103.0031	8.5703	188.2905	428.1834	334.0	344801.0	112.0	1115.0	338.2796	8.2411	88.9561	238.0835	234.0	91510.0	106.0	389.0	92.1386
sub-001_ses-pilot020_acq-highres_dir-PA_run-2_dwi	4	[0.0, 700.0, 1000.0, 2000.0, 3000.0]	[700.0, 1000.0, 2000.0, 3000.0]	0.3299	0.228	0.2267	0.0086	2.1332	1.0511	0.8296	0.5721	0.5951	0.0	0.0	32.0625	100.0	164.6944	113.7778	53.7778	5.0821	28	96.55172413793103	0.4408	71.1649	16.1083	1.6508	2.94	3.95	3.95	2.39	2.39	1.34	1.09	0.9	0.72	305.41	1626.14	1550.12	1684.02	431.0642	8.8956	31.087	9.0	1508886.0	1.0	117.0	110.2041	8.9939	186.8079	420.7072	319.0	345606.0	98.0	1154.0	354.8433	11.7091	160.121	362.5889	294.0	298702.0	92.0	895.0	276.6048
sub-001_ses-pilot020_acq-highres_dir-PA_run-3_dwi	4	[0.0, 700.0, 1000.0, 2000.0, 3000.0]	[700.0, 1000.0, 2000.0, 3000.0]	0.3218	0.2245	0.2526	0.0023	0.3862	0.4856	0.4943	0.5432	0.5939	0.0	0.0	1368.4678	448.2312	313.7491	111.5906	51.2454	5.8701	279	99.64285714285714	0.6317	41.5129	14.78	1.3206	4.1	4.13	4.13	2.62	1.71	2.29	1.14	1.69	0.92	35.47	201.88	194.57	207.26	359.7468	8.8956	31.5118	9.0	1509531.0	2.0	121.0	106.0811	8.0458	177.9123	408.4162	314.0	344961.0	106.0	1081.0	325.973	9.9116	80.0605	222.1483	219.0	94538.0	94.0	363.0	88.1003
sub-001_ses-pilot021_acq-highres_dir-RL_dwi	4	[0.0, 700.0, 1000.0, 2000.0, 3000.0]	[700.0, 1000.0, 2000.0, 3000.0]	0.2438	0.0795	0.036	0.006	0.3934	0.4907	0.5072	0.5663	0.6063	0.0	0.0	1058.496	414.6642	271.2946	92.4941	44.4548	12.4266	279	99.64285714285714	0.445	57.8215	15.8653	1.6508	3.37	3.32	3.32	2.15	1.49	1.77	1.11	1.13	0.67	34.53	213.69	219.31	188.99	299.8747	8.8956	30.9195	10.0	1491516.0	2.0	118.0	87.5841	10.0174	189.7731	426.3686	325.0	362976.0	100.0	1146.0	355.361	6.7172	91.9213	228.7323	226.0	106476.0	76.0	385.0	98.4471
sub-001_ses-pilot20002030_acq-highres_dir-AP_dwi	3	[0.0, 700.0, 2000.0, 3000.0]	[700.0, 2000.0, 3000.0]	0.2812	0.1682	0.1812	0.0063	1.695	0.4948	0.4642	0.4694		0.0	0.0	1185.0	2704.0	2025.0	1024.0		34.5661	8	88.88888888888889	0.9394	0.0	15.0829	0.3301	0.0	0.0	0.0	0.0	0.0	0.0	0.0			1027.83	5720.88	6167.01	6625.17	976.9315	2.9652	8.4738	2.0	1488109.0	0.0	33.0	37.8362	11.1936	102.2996	301.5136	209.0	366383.0	71.0	878.0	271.6384	11.174	102.2996	301.2673	209.0	366679.0	71.0	878.0	271.5638
sub-001_ses-pilot20002030_acq-highres_dir-RL_dwi	4	[0.0, 700.0, 1000.0, 2000.0, 3000.0]	[700.0, 1000.0, 2000.0, 3000.0]	0.3892	0.1869	0.1719	0.021	1.5606	0.5055	0.4518	0.4571	0.4659	0.0	0.0	1560.25	9801.0	5184.0	1764.0	961.0	31.4477	12	92.3076923076923	0.9742	0.0	14.6178	0.3301	0.0	0.0	0.0	0.0	0.0	0.0	0.0	0.0	0.0	688.76	3470.08	4057.51	4604.7	657.7205	2.9652	8.8655	2.0	1484302.0	0.0	32.0	44.6578	9.4036	105.2648	294.3231	204.0	370190.0	65.0	863.0	263.5949	9.4002	105.2648	294.0282	204.0	370569.0	64.0	863.0	263.6156
sub-001_ses-pilot20003034_acq-highres_dir-AP_dwi	4	[0.0, 700.0, 1000.0, 2000.0, 3000.0]	[700.0, 1000.0, 2000.0, 3000.0]	0.3391	0.1688	0.1443	0.0084	1.8024	0.4997	0.4579	0.4556	0.455	0.0	0.0	972.25	11236.0	6241.0	2025.0	961.0	28.9403	14	93.33333333333333	0.4531	0.0	14.8211	0.3301	0.0	0.0	0.0	0.0	0.0	0.0	0.0	0.0	0.0	558.86	2889.1	3201.6	3628.29	1062.7329	2.9652	8.4367	2.0	1517962.0	0.0	32.0	37.0116	11.3556	105.2648	313.7946	214.0	361934.0	75.0	928.0	286.9299	11.3668	105.2648	313.6386	214.0	362248.0	74.0	928.0	286.9933
sub-001_ses-pilot20101030_acq-highres_dir-PA_dwi	4	[0.0, 700.0, 1000.0, 2000.0, 3000.0]	[700.0, 1000.0, 2000.0, 3000.0]	0.3924	0.2078	0.2149	0.0022	0.3395	0.44	0.4363	0.4556	0.4702	0.0	0.0	13152.2383	4927.2949	4822.9233	1512.814	770.6126	30.1272	277	98.92857142857143	0.5102	62.2693	14.4548	0.3301	3.0	3.02	3.02	1.99	1.24	1.57	1.55	0.96	0.9	34.19	204.42	186.42	220.49	1381.4048	2.9652	11.0632	2.0	1515880.0	0.0	37.0	69.6386	13.7309	96.3691	296.6084	217.0	364016.0	87.0	810.0	249.8038	51.6961	54.8563	199.5482	188.0	124170.0	89.0	324.0	99.3854
sub-001_ses-pilot20102034_acq-highres_dir-LR_dwi	4	[0.0, 700.0, 1000.0, 2000.0, 3000.0]	[700.0, 1000.0, 2000.0, 3000.0]	0.3942	0.2364	0.2354	0.0021	0.3436	0.4376	0.4312	0.4486	0.4594	0.0	0.0	19536.373	7087.0923	7077.7939	2212.0522	1189.3428	38.7541	277	98.92857142857143	0.7011	50.4085	15.1041	0.3301	4.05	4.0	4.0	2.73	1.7	2.24	1.81	1.33	1.21	35.67	195.41	219.96	232.39	869.9392	1.4826	9.8351	1.0	1516666.0	0.0	36.0	48.7869	10.4764	96.3691	307.0801	226.0	363230.0	90.0	827.0	249.6001	41.0749	50.4085	202.9676	195.0	115268.0	84.0	317.0	91.1194
sub-001_ses-pilot20103060_acq-highres_dir-LR_dwi	4	[0.0, 700.0, 1000.0, 2000.0, 3000.0]	[700.0, 1000.0, 2000.0, 3000.0]	0.3324	0.115	0.1292	0.0039	0.3593	0.4942	0.5195	0.5804	0.6204	0.0	0.0	956.7966	354.6964	227.2695	77.9343	41.1991	12.5118	279	99.64285714285714	0.762	28.1694	14.8976	1.6508	4.54	4.51	4.51	3.01	2.01	2.54	1.63	1.83	1.07	37.92	205.54	246.59	237.41	663.589	5.9304	19.3947	7.0	1489314.0	2.0	61.0	72.6247	11.2976	131.9516	326.5426	223.0	365178.0	67.0	978.0	313.3453	21.8482	63.7519	172.6227	162.0	129024.0	48.0	317.0	94.5941
